<AirFacilityData xmlns="http://www.exchangenetwork.net/schema/icis/5"> <TransactionHeader> <TransactionType>R</TransactionType> <TransactionTimestamp>2001-12-17 09:30:47.000</TransactionTimestamp> </TransactionHeader> <AirFacility> <AirFacilityIdentifier>NY001MK00000000001</AirFacilityIdentifier> <FacilitySiteName>Test</FacilitySiteName> <LocationAddressText>Address1</LocationAddressText> <SupplementalLocationText>SuppleAddress1</SupplementalLocationText> <GNISCityCode>945560</GNISCityCode> <LocationStateCode>NY</LocationStateCode> <LocationZipCode>22103</LocationZipCode> <LCONCode>001</LCONCode> <TribalLandCode>T027</TribalLandCode> <FacilityDescription>FacDescription</FacilityDescription> <FacilityTypeOfOwnershipCode>MWD</FacilityTypeOfOwnershipCode> <RegistrationNumber>123456789</RegistrationNumber> <SmallBusinessIndicator>Y</SmallBusinessIndicator> <FederallyReportableIndicator>Y</FederallyReportableIndicator> <SourceUniformResourceLocatorURL>https://icistest3.epa.gov/icis/jsp/common</SourceUniformResourceLocatorURL> <EnvironmentalJusticeCode>EJB</EnvironmentalJusticeCode> <FacilityCongressionalDistrictNumber>01</FacilityCongressionalDistrictNumber> <FacilityUserDefinedField1>Special use 1</FacilityUserDefinedField1> <FacilityUserDefinedField2>Special use 2</FacilityUserDefinedField2> <FacilityUserDefinedField3>Special use 3</FacilityUserDefinedField3> <FacilityUserDefinedField4>Special use 4</FacilityUserDefinedField4> <FacilityUserDefinedField5>Special use 5</FacilityUserDefinedField5> <FacilityComments>Test Facility Comment 123456789 !@#$%^</FacilityComments> <UniverseIndicatorCode>SSOS</UniverseIndicatorCode> <SICCodeDetails> <SICCode>3315</SICCode> <SICPrimaryIndicatorCode>Y</SICPrimaryIndicatorCode> </SICCodeDetails> <NAICSCodeDetails> <NAICSCode>114119</NAICSCode> <NAICSPrimaryIndicatorCode>Y</NAICSPrimaryIndicatorCode> </NAICSCodeDetails> <AirGeographicCoordinateData> <LatitudeMeasure>33.4833334</LatitudeMeasure> <LongitudeMeasure>112.0666667</LongitudeMeasure> <HorizontalAccuracyMeasure>5379</HorizontalAccuracyMeasure> <GeometricTypeCode>003</GeometricTypeCode> <HorizontalCollectionMethodCode>008</HorizontalCollectionMethodCode> <HorizontalReferenceDatumCode>002</HorizontalReferenceDatumCode> <ReferencePointCode>104</ReferencePointCode> <SourceMapScaleNumber>12400</SourceMapScaleNumber> <UTMCoordinate1>Coordinate1</UTMCoordinate1> <UTMCoordinate2>Coordinate2</UTMCoordinate2> <UTMCoordinate3>Coordinate3</UTMCoordinate3> </AirGeographicCoordinateData> <PortableSourceData> <PortableSourceIndicator>Y</PortableSourceIndicator> <PortableSource> <PortableSourceSiteName>Portable Site 1</PortableSourceSiteName> <PortableSourceStartDate>2012-01-01</PortableSourceStartDate> <PortableSourceEndDate>2012-01-02</PortableSourceEndDate> </PortableSource> </PortableSourceData> <FacilityContact> <Contact> <AffiliationTypeText>AMA</AffiliationTypeText> <FirstName>John</FirstName> <MiddleName>Jane</MiddleName> <LastName>Doe</LastName> <IndividualTitleText>Chief Executive Officer</IndividualTitleText> <OrganizationFormalName>Acme Products Inc.</OrganizationFormalName> <StateCode>AL</StateCode> <RegionCode>04</RegionCode> <Telephone> <TelephoneNumberTypeCode>OFF</TelephoneNumberTypeCode> <TelephoneNumber>2025641000</TelephoneNumber> <TelephoneExtensionNumber>123</TelephoneExtensionNumber> </Telephone> <ElectronicAddressText>jdoe@acmeindustries.com</ElectronicAddressText> <StartDateOfContactAssociation>2005-12-31</StartDateOfContactAssociation> <EndDateOfContactAssociation>2005-12-31</EndDateOfContactAssociation> </Contact> </FacilityContact> <FacilityAddress> <Address> <AffiliationTypeText>MAD</AffiliationTypeText> <OrganizationFormalName>Acme Products Inc.</OrganizationFormalName> <OrganizationDUNSNumber>001147495</OrganizationDUNSNumber> <MailingAddressText>1200 Pennsylvania Avenue NE</MailingAddressText> <SupplementalAddressText>Mail Code 2222A</SupplementalAddressText> <MailingAddressCityName>Washington</MailingAddressCityName> <MailingAddressStateCode>AL</MailingAddressStateCode> <MailingAddressZipCode>20240</MailingAddressZipCode> <CountyName>Howell</CountyName> <MailingAddressCountryCode>US</MailingAddressCountryCode> <DivisionName>Water Division</DivisionName> <Telephone> <TelephoneNumberTypeCode>OFF</TelephoneNumberTypeCode> <TelephoneNumber>2025641000</TelephoneNumber> <TelephoneExtensionNumber>123</TelephoneExtensionNumber> </Telephone> <ElectronicAddressText>jdoe@acmeindustries.com</ElectronicAddressText> <StartDateOfAddressAssociation>2005-12-31</StartDateOfAddressAssociation> <EndDateOfAddressAssociation>2005-12-31</EndDateOfAddressAssociation> </Address> </FacilityAddress> </AirFacility> <AirFacility> <AirFacilityIdentifier>NY001MK00000000002</AirFacilityIdentifier> <FacilitySiteName>Test</FacilitySiteName> <LocationAddressText>Address2</LocationAddressText> <SupplementalLocationText>SuppleAddress2</SupplementalLocationText> <GNISCityCode>945560</GNISCityCode> <LocationStateCode>NY</LocationStateCode> <LocationZipCode>22103</LocationZipCode> <LCONCode>001</LCONCode> <TribalLandCode>T027</TribalLandCode> <FacilityDescription>FacDescription</FacilityDescription> <FacilityTypeOfOwnershipCode>MWD</FacilityTypeOfOwnershipCode> <RegistrationNumber>123456789</RegistrationNumber> <SmallBusinessIndicator>Y</SmallBusinessIndicator> <FederallyReportableIndicator>Y</FederallyReportableIndicator> <SourceUniformResourceLocatorURL>https://icistest3.epa.gov/icis/jsp/common</SourceUniformResourceLocatorURL> <EnvironmentalJusticeCode>EJB</EnvironmentalJusticeCode> <FacilityCongressionalDistrictNumber>01</FacilityCongressionalDistrictNumber> <FacilityUserDefinedField1>Special use 1</FacilityUserDefinedField1> <FacilityUserDefinedField2>Special use 2</FacilityUserDefinedField2> <FacilityUserDefinedField3>Special use 3</FacilityUserDefinedField3> <FacilityUserDefinedField4>Special use 4</FacilityUserDefinedField4> <FacilityUserDefinedField5>Special use 5</FacilityUserDefinedField5> <FacilityComments>Test Facility Comment 123456789 !@#$%^</FacilityComments> <UniverseIndicatorCode>SSOS</UniverseIndicatorCode> <SICCodeDetails> <SICCode>3315</SICCode> <SICPrimaryIndicatorCode>Y</SICPrimaryIndicatorCode> </SICCodeDetails> <NAICSCodeDetails> <NAICSCode>114119</NAICSCode> <NAICSPrimaryIndicatorCode>Y</NAICSPrimaryIndicatorCode> </NAICSCodeDetails> <AirGeographicCoordinateData> <LatitudeMeasure>45.4833334</LatitudeMeasure> <LongitudeMeasure>102.0666667</LongitudeMeasure> <HorizontalAccuracyMeasure>5379</HorizontalAccuracyMeasure> <GeometricTypeCode>003</GeometricTypeCode> <HorizontalCollectionMethodCode>008</HorizontalCollectionMethodCode> <HorizontalReferenceDatumCode>002</HorizontalReferenceDatumCode> <ReferencePointCode>104</ReferencePointCode> <SourceMapScaleNumber>12400</SourceMapScaleNumber> <UTMCoordinate1>Coordinate1</UTMCoordinate1> <UTMCoordinate2>Coordinate2</UTMCoordinate2> <UTMCoordinate3>Coordinate3</UTMCoordinate3> </AirGeographicCoordinateData> <PortableSourceData> <PortableSourceIndicator>Y</PortableSourceIndicator> <PortableSource> <PortableSourceSiteName>Portable Site 2</PortableSourceSiteName> <PortableSourceStartDate>2012-01-01</PortableSourceStartDate> <PortableSourceEndDate>2012-01-02</PortableSourceEndDate> </PortableSource> </PortableSourceData> <FacilityContact> <Contact> <AffiliationTypeText>AMA</AffiliationTypeText> <FirstName>John</FirstName> <MiddleName>Jane</MiddleName> <LastName>Doe</LastName> <IndividualTitleText>Chief Executive Officer</IndividualTitleText> <OrganizationFormalName>Acme Products Inc.</OrganizationFormalName> <StateCode>AL</StateCode> <RegionCode>04</RegionCode> <Telephone> <TelephoneNumberTypeCode>OFF</TelephoneNumberTypeCode> <TelephoneNumber>2025641000</TelephoneNumber> <TelephoneExtensionNumber>123</TelephoneExtensionNumber> </Telephone> <ElectronicAddressText>jdoe@acmeindustries.com</ElectronicAddressText> <StartDateOfContactAssociation>2005-12-31</StartDateOfContactAssociation> <EndDateOfContactAssociation>2005-12-31</EndDateOfContactAssociation> </Contact> </FacilityContact> <FacilityAddress> <Address> <AffiliationTypeText></AffiliationTypeText> <OrganizationFormalName></OrganizationFormalName> <OrganizationDUNSNumber></OrganizationDUNSNumber> <MailingAddressText></MailingAddressText> <SupplementalAddressText></SupplementalAddressText> <MailingAddressCityName></MailingAddressCityName> <MailingAddressStateCode></MailingAddressStateCode> <MailingAddressZipCode></MailingAddressZipCode> <CountyName></CountyName> <MailingAddressCountryCode></MailingAddressCountryCode> <DivisionName></DivisionName> <Telephone> <TelephoneNumberTypeCode></TelephoneNumberTypeCode> <TelephoneNumber></TelephoneNumber> <TelephoneExtensionNumber></TelephoneExtensionNumber> </Telephone> <ElectronicAddressText></ElectronicAddressText> <StartDateOfAddressAssociation></StartDateOfAddressAssociation> <EndDateOfAddressAssociation></EndDateOfAddressAssociation> </Address> </FacilityAddress> </AirFacility> </AirFacilityData>